{
    "epoch": 1.0,
    "eval_accuracy": 0.7807228915662651,
    "eval_loss": 0.5771070718765259,
    "eval_runtime": 6.4657,
    "eval_samples": 2490,
    "eval_samples_per_second": 385.11,
    "eval_steps_per_second": 48.255,
    "predict_accuracy": 0.7828343313373254,
    "predict_loss": 0.5741694569587708,
    "predict_runtime": 12.8497,
    "predict_samples": 5010,
    "predict_samples_per_second": 389.892,
    "predict_steps_per_second": 48.795,
    "train_loss": 0.75080667317613,
    "train_runtime": 7156.0714,
    "train_samples": 392702,
    "train_samples_per_second": 54.877,
    "train_steps_per_second": 13.719
}