{
    "epoch": 1.0,
    "eval_accuracy": 0.7269076305220884,
    "eval_loss": 0.8704017996788025,
    "eval_runtime": 6.7648,
    "eval_samples": 2490,
    "eval_samples_per_second": 368.08,
    "eval_steps_per_second": 46.121,
    "predict_accuracy": 0.7277445109780439,
    "predict_loss": 0.8555784821510315,
    "predict_runtime": 12.6388,
    "predict_samples": 5010,
    "predict_samples_per_second": 396.399,
    "predict_steps_per_second": 49.609,
    "train_loss": 0.6934352559869261,
    "train_runtime": 7382.1199,
    "train_samples": 392702,
    "train_samples_per_second": 53.196,
    "train_steps_per_second": 13.299
}